Player,Year,Salary,_match
Stephen Curry,2023,48070014,stephen curry
John Wall,2023,47345760,john wall
Russell Westbrook,2023,47080179,russell westbrook
LeBron James,2023,44474988,lebron james
Kevin Durant,2023,44119845,kevin durant
Bradley Beal,2023,43279250,bradley beal
Paul George,2023,42492492,paul george
Kawhi Leonard,2023,42492492,kawhi leonard
Giannis Antetokounmpo,2023,42492492,giannis antetokounmpo
Damian Lillard,2023,42492492,damian lillard
Klay Thompson,2023,40600080,klay thompson
Kyrie Irving,2023,38917057,kyrie irving
Rudy Gobert,2023,38172414,rudy gobert
Khris Middleton,2023,37984276,khris middleton
Anthony Davis,2023,37980720,anthony davis
Jimmy Butler,2023,37653300,jimmy butler
Tobias Harris,2023,37633050,tobias harris
Kemba Walker,2023,37281261,kemba walker
Trae Young,2023,37096500,trae young
Zach LaVine,2023,37096500,zach lavine
Luka Doncic,2023,37096500,luka doncic
Ben Simmons,2023,35448672,ben simmons
Pascal Siakam,2023,35448672,pascal siakam
Myles Turner,2023,35096500,myles turner
Jrue Holiday,2023,34319520,jrue holiday
Karl-Anthony Towns,2023,33833400,karl-anthony towns
Devin Booker,2023,33833400,devin booker
Kristaps Porzingis,2023,33833400,kristaps porzingis
Joel Embiid,2023,33616770,joel embiid
Andrew Wiggins,2023,33616770,andrew wiggins
CJ McCollum,2023,33333333,cj mccollum
Nikola Jokic,2023,33047803,nikola jokic
James Harden,2023,33000000,james harden
Jamal Murray,2023,31650600,jamal murray
Brandon Ingram,2023,31650600,brandon ingram
D'Angelo Russell,2023,31377750,d'angelo russell
Michael Porter,2023,30913750,michael porter
Shai Gilgeous-Alexander,2023,30913750,shai gilgeous-alexander
Donovan Mitchell,2023,30913750,donovan mitchell
Deandre Ayton,2023,30913750,deandre ayton
Kevin Love,2023,30556968,kevin love
Jayson Tatum,2023,30351780,jayson tatum
Bam Adebayo,2023,30351780,bam adebayo
De'Aaron Fox,2023,30351780,de'aaron fox
Gordon Hayward,2023,30075000,gordon hayward
Jaylen Brown,2023,29776785,jaylen brown
Jaren Jackson Jr,2023,28946605,jaren jackson jr
Chris Paul,2023,28400000,chris paul
Kyle Lowry,2023,28333334,kyle lowry
Jalen Brunson,2023,27733332,jalen brunson
DeMar DeRozan,2023,27300000,demar derozan
Al Horford,2023,26500000,al horford
Draymond Green,2023,25806468,draymond green
Julius Randle,2023,23760000,julius randle
John Collins,2023,23500000,john collins
Mike Conley,2023,22680000,mike conley
Malcolm Brogdon,2023,22600000,malcolm brogdon
Anfernee Simons,2023,22321429,anfernee simons
Nikola Vucevic,2023,22000000,nikola vucevic
Terry Rozier,2023,21486316,terry rozier
Fred VanVleet,2023,21250000,fred vanvleet
Buddy Hield,2023,21177750,buddy hield
Domantas Sabonis,2023,21100000,domantas sabonis
Jerami Grant,2023,20955000,jerami grant
Mikal Bridges,2023,20100000,mikal bridges
Jarrett Allen,2023,20000000,jarrett allen
Nicolas Batum,2023,19700319,nicolas batum
Aaron Gordon,2023,19690909,aaron gordon
Tim Hardaway Jr,2023,19602273,tim hardaway jr
Eric Gordon,2023,19568360,eric gordon
Bojan Bogdanovic,2023,19550000,bojan bogdanovic
Lonzo Ball,2023,19534884,lonzo ball
Spencer Dinwiddie,2023,19500000,spencer dinwiddie
Danilo Gallinari,2023,19479000,danilo gallinari
Caris LeVert,2023,18796296,caris levert
Joe Harris,2023,18642857,joe harris
Harrison Barnes,2023,18352273,harrison barnes
Clint Capela,2023,18206896,clint capela
Evan Fournier,2023,18000000,evan fournier
Bogdan Bogdanovic,2023,18000000,bogdan bogdanovic
Steven Adams,2023,17926829,steven adams
Jonathan Isaac,2023,17400000,jonathan isaac
OG Anunoby,2023,17357143,og anunoby
Gary Trent Jr,2023,17280000,gary trent jr
Marcus Smart,2023,17207142,marcus smart
Derrick White,2023,17142857,derrick white
Dejounte Murray,2023,17071120,dejounte murray
Mitchell Robinson,2023,17045454,mitchell robinson
Duncan Robinson,2023,16902000,duncan robinson
Norman Powell,2023,16758621,norman powell
Collin Sexton,2023,16700000,collin sexton
Markelle Fultz,2023,16500000,markelle fultz
Lauri Markkanen,2023,16475454,lauri markkanen
Marcus Morris,2023,16372093,marcus morris
Davis Bertans,2023,16000000,davis bertans
Jusuf Nurkic,2023,15625000,jusuf nurkic
Malik Beasley,2023,15558035,malik beasley
Luguentz Dort,2023,15277778,luguentz dort
Will Barton,2023,15059712,will barton
Tyus Jones,2023,15000000,tyus jones
Jonas Valanciunas,2023,14700000,jonas valanciunas
Derrick Rose,2023,14520730,derrick rose
Kevin Huerter,2023,14508929,kevin huerter
Christian Wood,2023,14317459,christian wood
Wendell Carter,2023,14150000,wendell carter
Kentavious Caldwell-Pope,2023,14004703,kentavious caldwell-pope
Brook Lopez,2023,13906976,brook lopez
Patrick Beverley,2023,13801614,patrick beverley
Doug McDermott,2023,13750000,doug mcdermott
Luke Kennard,2023,13745455,luke kennard
Zion Williamson,2023,13534817,zion williamson
Jordan Clarkson,2023,13340000,jordan clarkson
Gary Harris,2023,13000000,gary harris
Kyle Kuzma,2023,13000000,kyle kuzma
Josh Hart,2023,12960000,josh hart
Dorian Finney-Smith,2023,12939848,dorian finney-smith
Kelly Olynyk,2023,12804878,kelly olynyk
Chris Boucher,2023,12690000,chris boucher
Kelly Oubre,2023,12600000,kelly oubre
Marvin Bagley,2023,12500000,marvin bagley
Robert Covington,2023,12307692,robert covington
Josh Richardson,2023,12196094,josh richardson
Ja Morant,2023,12119440,ja morant
Danny Green,2023,11710528,danny green
Devonte Graham,2023,11550000,devonte graham
Terrence Ross,2023,11500000,terrence ross
Reggie Jackson,2023,11457217,reggie jackson
Dillon Brooks,2023,11400000,dillon brooks
Richaun Holmes,2023,11215260,richaun holmes
Dwight Powell,2023,11080125,dwight powell
Paolo Banchero,2023,11055120,paolo banchero
RJ Barrett,2023,10900634,rj barrett
Bobby Portis,2023,10843350,bobby portis
DeAndre Jordan,2023,10733758,deandre jordan
Anthony Edwards,2023,10733400,anthony edwards
Robert Williams,2023,10714287,robert williams
Cade Cunningham,2023,10552800,cade cunningham
PJ Tucker,2023,10490000,pj tucker
Derrick Favors,2023,10350803,derrick favors
Mo Bamba,2023,10300000,mo bamba
Talen Horton-Tucker,2023,10260000,talen horton-tucker
Jae Crowder,2023,10183800,jae crowder
Ivica Zubac,2023,10123457,ivica zubac
Reggie Bullock,2023,10012800,reggie bullock
Alec Burks,2023,10012800,alec burks
Chet Holmgren,2023,9891240,chet holmgren
De'Andre Hunter,2023,9835881,de'andre hunter
Larry Nance Jr,2023,9672727,larry nance jr
James Wiseman,2023,9603360,james wiseman
Landry Shamet,2023,9500000,landry shamet
Malik Monk,2023,9472219,malik monk
Jalen Green,2023,9441840,jalen green
Jakob Poeltl,2023,9398148,jakob poeltl
Nerlens Noel,2023,9391069,nerlens noel
Nicolas Claxton,2023,9350000,nicolas claxton
Dario Saric,2023,9240000,dario saric
Royce O'Neale,2023,9200000,royce o'neale
Monte Morris,2023,9125000,monte morris
Mason Plumlee,2023,9080417,mason plumlee
Alex Caruso,2023,9030000,alex caruso
Maxi Kleber,2023,9000000,maxi kleber
Grayson Allen,2023,8925000,grayson allen
Darius Garland,2023,8920794,darius garland
Jabari Smith,2023,8882640,jabari smith
Isaiah Hartenstein,2023,8854879,isaiah hartenstein
Kyle Anderson,2023,8780488,kyle anderson
Victor Oladipo,2023,8750000,victor oladipo
Daniel Theis,2023,8694369,daniel theis
LaMelo Ball,2023,8623920,lamelo ball
Seth Curry,2023,8496653,seth curry
Evan Mobley,2023,8478720,evan mobley
Gary Payton II,2023,8300000,gary payton ii
Dewayne Dedmon,2023,8283688,dewayne dedmon
De'Anthony Melton,2023,8250000,de'anthony melton
JaMychal Green,2023,8200000,jamychal green
TJ McConnell,2023,8100000,tj mcconnell
Keegan Murray,2023,8008440,keegan murray
Kevon Looney,2023,8000000,kevon looney
Thaddeus Young,2023,8000000,thaddeus young
Delon Wright,2023,7804878,delon wright
Patrick Williams,2023,7775400,patrick williams
Scottie Barnes,2023,7644600,scottie barnes
Cedi Osman,2023,7426088,cedi osman
Coby White,2023,7413955,coby white
Zach Collins,2023,7350000,zach collins
Taurean Prince,2023,7295000,taurean prince
Jaden Ivey,2023,7252200,jaden ivey
Jae'Sean Tate,2023,7065217,jae'sean tate
Isaac Okoro,2023,7040880,isaac okoro
Cody Martin,2023,7000000,cody martin
Jalen Suggs,2023,6922320,jalen suggs
Jaxson Hayes,2023,6803012,jaxson hayes
Khem Birch,2023,6667500,khem birch
Bennedict Mathurin,2023,6586800,bennedict mathurin
Patrick Mills,2023,6479000,patrick mills
Bruce Brown,2023,6479000,bruce brown
Caleb Martin,2023,6479000,caleb martin
Lonnie Walker,2023,6479000,lonnie walker
Joe Ingles,2023,6479000,joe ingles
Onyeka Okongwu,2023,6395160,onyeka okongwu
Josh Giddey,2023,6287400,josh giddey
Rui Hachimura,2023,6263188,rui hachimura
Rudy Gay,2023,6184500,rudy gay
Jevon Carter,2023,6025000,jevon carter
Shaedon Sharpe,2023,6012960,shaedon sharpe
Cameron Payne,2023,6000000,cameron payne
Otto Porter,2023,6000000,otto porter
Justin Holiday,2023,5987975,justin holiday
Cam Reddish,2023,5954454,cam reddish
Cameron Johnson,2023,5887899,cameron johnson
Ricky Rubio,2023,5853659,ricky rubio
Killian Hayes,2023,5837760,killian hayes
PJ Washington,2023,5808435,pj washington
Jonathan Kuminga,2023,5739840,jonathan kuminga
Pat Connaughton,2023,5728393,pat connaughton
Tyler Herro,2023,5722116,tyler herro
Romeo Langford,2023,5634257,romeo langford
Dyson Daniels,2023,5508600,dyson daniels
JaVale McGee,2023,5461219,javale mcgee
Goga Bitadze,2023,5377520,goga bitadze
Obi Toppin,2023,5348280,obi toppin
Franz Wagner,2023,5258280,franz wagner
Kendrick Nunn,2023,5250000,kendrick nunn
Hamidou Diallo,2023,5200000,hamidou diallo
Cory Joseph,2023,5155500,cory joseph
Garrett Temple,2023,5155500,garrett temple
Torrey Craig,2023,5121951,torrey craig
Jeremy Sochan,2023,5063520,jeremy sochan
David Nwaba,2023,5022000,david nwaba
Nickeil Alexander-Walker,2023,5009633,nickeil alexander-walker
Furkan Korkmaz,2023,5000000,furkan korkmaz
Deni Avdija,2023,4916160,deni avdija
Davion Mitchell,2023,4833600,davion mitchell
Johnny Davis,2023,4810320,johnny davis
Ty Jerome,2023,4728948,ty jerome
Ishmael Smith,2023,4725000,ishmael smith
Jalen Smith,2023,4670160,jalen smith
Ziaire Williams,2023,4591680,ziaire williams
Ousmane Dieng,2023,4569840,ousmane dieng
Moe Harkless,2023,4564980,moe harkless
Donte DiVincenzo,2023,4500000,donte divincenzo
Jeff Green,2023,4500000,jeff green
Devin Vassell,2023,4437000,devin vassell
Matisse Thybulle,2023,4379526,matisse thybulle
Jarred Vanderbilt,2023,4374000,jarred vanderbilt
James Bouknight,2023,4362240,james bouknight
Brandon Clarke,2023,4343919,brandon clarke
Jalen Williams,2023,4341480,jalen williams
Grant Williams,2023,4306281,grant williams
Darius Bazley,2023,4264628,darius bazley
Tyrese Haliburton,2023,4215120,tyrese haliburton
Nassir Little,2023,4171548,nassir little
Josh Primo,2023,4144320,josh primo
Jalen Duren,2023,4124280,jalen duren
Gorgui Dieng,2023,4105236,gorgui dieng
Danuel House,2023,4105000,danuel house
Boban Marjanovic,2023,4101478,boban marjanovic
Justise Winslow,2023,4097561,justise winslow
Dylan Windler,2023,4037277,dylan windler
Stanley Johnson,2023,4022164,stanley johnson
Kira Lewis,2023,4004280,kira lewis
George Hill,2023,4000000,george hill
Terence Davis,2023,4000000,terence davis
Chris Duarte,2023,3936960,chris duarte
Alex Len,2023,3918600,alex len
Ochai Agbaji,2023,3918360,ochai agbaji
Jordan Poole,2023,3901399,jordan poole
Keldon Johnson,2023,3873024,keldon johnson
Sviatoslav Mykhailiuk,2023,3846895,sviatoslav mykhailiuk
James Johnson,2023,3841067,james johnson
Aaron Nesmith,2023,3804360,aaron nesmith
Moses Moody,2023,3740160,moses moody
Mark Williams,2023,3722040,mark williams
Cole Anthony,2023,3613680,cole anthony
Corey Kispert,2023,3552840,corey kispert
AJ Griffin,2023,3536160,aj griffin
Goran Dragic,2023,3523762,goran dragic
Mike Muscala,2023,3500000,mike muscala
Georges Niang,2023,3465000,georges niang
Isaiah Stewart,2023,3433320,isaiah stewart
Chuma Okeke,2023,3433320,chuma okeke
Trey Burke,2023,3423750,trey burke
Amir Coffey,2023,3395062,amir coffey
Alperen Sengun,2023,3375360,alperen sengun
Tari Eason,2023,3359160,tari eason
Aleksej Pokusevski,2023,3261480,aleksej pokusevski
Kevin Porter,2023,3217631,kevin porter
Trey Murphy,2023,3206520,trey murphy
Simone Fontecchio,2023,3205128,simone fontecchio
Andre Drummond,2023,3200000,andre drummond
Derrick Jones,2023,3200000,derrick jones
Dalen Terry,2023,3191400,dalen terry
Sterling Brown,2023,3122602,sterling brown
Josh Green,2023,3098400,josh green
Jake LaRavia,2023,3047640,jake laravia
Tre Mann,2023,3046200,tre mann
Kevin Knox,2023,3000000,kevin knox
Saddiq Bey,2023,2959080,saddiq bey
Malaki Branham,2023,2925600,malaki branham
Joe Wieskamp,2023,2909261,joe wieskamp
Kai Jones,2023,2909040,kai jones
Blake Griffin,2023,2905851,blake griffin
Robin Lopez,2023,2905851,robin lopez
Markieff Morris,2023,2905851,markieff morris
Andre Iguodala,2023,2905851,andre iguodala
Serge Ibaka,2023,2905851,serge ibaka
Udonis Haslem,2023,2905851,udonis haslem
Wesley Matthews,2023,2905851,wesley matthews
Austin Rivers,2023,2905851,austin rivers
Bismack Biyombo,2023,2905851,bismack biyombo
Taj Gibson,2023,2905851,taj gibson
RJ Hampton,2023,2898243,rj hampton
Andrew Nicholson,2023,2844429,andrew nicholson
Precious Achiuwa,2023,2840160,precious achiuwa
Christian Braun,2023,2808600,christian braun
Jordan Nwora,2023,2800000,jordan nwora
Jalen Johnson,2023,2792640,jalen johnson
Tyrese Maxey,2023,2726880,tyrese maxey
Bruno Fernando,2023,2717391,bruno fernando
Walker Kessler,2023,2696400,walker kessler
Keon Johnson,2023,2681040,keon johnson
Charles Bassey,2023,2674742,charles bassey
Dennis Schroeder,2023,2641682,dennis schroeder
TJ Warren,2023,2628597,tj warren
Matthew Dellavedova,2023,2628597,matthew dellavedova
Trey Lyles,2023,2625000,trey lyles
Zeke Nnaji,2023,2617800,zeke nnaji
David Roddy,2023,2588640,david roddy
Isaiah Jackson,2023,2573760,isaiah jackson
MarJon Beauchamp,2023,2485200,marjon beauchamp
Usman Garuba,2023,2471160,usman garuba
Montrezl Harrell,2023,2463490,montrezl harrell
Raul Neto,2023,2463490,raul neto
Frank Kaminsky,2023,2463490,frank kaminsky
Willy Hernangomez,2023,2443581,willy hernangomez
Theo Maledon,2023,2408891,theo maledon
Blake Wesley,2023,2385480,blake wesley
Josh Christopher,2023,2372160,josh christopher
Isaiah Roby,2023,2330681,isaiah roby
Lindy Waters III,2023,2316876,lindy waters iii
Immanuel Quickley,2023,2316240,immanuel quickley
Wendell Moore,2023,2306520,wendell moore
John Konchar,2023,2300000,john konchar
Damian Jones,2023,2298385,damian jones
Rodney McGruder,2023,2298385,rodney mcgruder
Bryn Forbes,2023,2298385,bryn forbes
Juan Hernangomez,2023,2298385,juan hernangomez
Quentin Grimes,2023,2277000,quentin grimes
Saben Lee,2023,2266640,saben lee
Andrew Nembhard,2023,2244111,andrew nembhard
Nikola Jovic,2023,2239920,nikola jovic
Payton Pritchard,2023,2239200,payton pritchard
Vlatko Cancar,2023,2234359,vlatko cancar
Patrick Baldwin,2023,2226000,patrick baldwin
TyTy Washington,2023,2210040,tyty washington
Bones Hyland,2023,2201520,bones hyland
Bol Bol,2023,2200000,bol bol
Peyton Watson,2023,2193960,peyton watson
Marquese Chriss,2023,2193920,marquese chriss
Udoka Azubuike,2023,2174880,udoka azubuike
Jaden McDaniels,2023,2161440,jaden mcdaniels
Jordan McLaughlin,2023,2160000,jordan mclaughlin
Malachi Flynn,2023,2145720,malachi flynn
Cam Thomas,2023,2138160,cam thomas
Luke Kornet,2023,2133278,luke kornet
Dennis Smith,2023,2133278,dennis smith
Damion Lee,2023,2133278,damion lee
Juan Toscano-Anderson,2023,2133278,juan toscano-anderson
Desmond Bane,2023,2130240,desmond bane
Jaden Springer,2023,2125200,jaden springer
Day'Ron Sharpe,2023,2109480,day'ron sharpe
Santiago Aldama,2023,2094120,santiago aldama
Tony Bradley,2023,2036318,tony bradley
Frank Ntilikina,2023,2036318,frank ntilikina
Kenrich Williams,2023,2000000,kenrich williams
Garrison Mathews,2023,2000000,garrison mathews
Jaylin Williams,2023,2000000,jaylin williams
Caleb Houstan,2023,2000000,caleb houstan
Jeremiah Robinson-Earl,2023,2000000,jeremiah robinson-earl
Shake Milton,2023,1997718,shake milton
Edmond Sumner,2023,1968175,edmond sumner
Aaron Holiday,2023,1968175,aaron holiday
Yuta Watanabe,2023,1968175,yuta watanabe
Theo Pinson,2023,1968175,theo pinson
Thomas Bryant,2023,1968175,thomas bryant
Troy Brown,2023,1968175,troy brown
Josh Okogie,2023,1968175,josh okogie
Drew Eubanks,2023,1968175,drew eubanks
Daniel Gafford,2023,1930681,daniel gafford
Terance Mann,2023,1930681,terance mann
Dean Wade,2023,1930681,dean wade
Jaylen Nowell,2023,1930681,jaylen nowell
Naz Reid,2023,1930681,naz reid
Jalen McDaniels,2023,1930681,jalen mcdaniels
Chimezie Metu,2023,1910860,chimezie metu
Davon Reed,2023,1902133,davon reed
KZ Okpala,2023,1902133,kz okpala
Killian Tillie,2023,1901625,killian tillie
Vernon Carey,2023,1882621,vernon carey
Wenyen Gabriel,2023,1878720,wenyen gabriel
Thanasis Antetokounmpo,2023,1878720,thanasis antetokounmpo
Moritz Wagner,2023,1878720,moritz wagner
Keita Bates-Diop,2023,1878720,keita bates-diop
Oshae Brissett,2023,1846738,oshae brissett
Isaiah Joe,2023,1836090,isaiah joe
Anthony Gill,2023,1836090,anthony gill
Nathan Knight,2023,1836090,nathan knight
Justin Jackson,2023,1836090,justin jackson
Ryan Arcidiacono,2023,1836090,ryan arcidiacono
Javonte Green,2023,1815677,javonte green
Max Strus,2023,1815677,max strus
Gabe Vincent,2023,1815677,gabe vincent
Herb Jones,2023,1785000,herb jones
KJ Martin,2023,1782621,kj martin
Nick Richards,2023,1782621,nick richards
Lamar Stevens,2023,1782621,lamar stevens
Tyrell Terry,2023,1782621,tyrell terry
Xavier Tillman,2023,1782621,xavier tillman
Naji Marshall,2023,1782621,naji marshall
Paul Reed,2023,1782621,paul reed
Tre Jones,2023,1782621,tre jones
Haywood Highsmith,2023,1752638,haywood highsmith
Omer Yurtseven,2023,1752638,omer yurtseven
Leandro Bolmaro,2023,1709300,leandro bolmaro
Terry Taylor,2023,1703902,terry taylor
Jared Butler,2023,1674655,jared butler
Jericho Sims,2023,1639842,jericho sims
Sam Hauser,2023,1637966,sam hauser
Kessler Edwards,2023,1637966,kessler edwards
Isaiah Todd,2023,1575000,isaiah todd
Vit Krejci,2023,1563518,vit krejci
JT Thor,2023,1563518,jt thor
Marko Simonovic,2023,1563518,marko simonovic
BJ Boston,2023,1563518,bj boston
Jason Preston,2023,1563518,jason preston
Aaron Wiggins,2023,1563518,aaron wiggins
Trendon Watford,2023,1563518,trendon watford
Ayo Dosunmu,2023,1563518,ayo dosunmu
Isaiah Livers,2023,1563518,isaiah livers
Daishen Nix,2023,1563518,daishen nix
Austin Reaves,2023,1563518,austin reaves
Jose Alvarado,2023,1563518,jose alvarado
Miles McBride,2023,1563518,miles mcbride
Jock Landale,2023,1563518,jock landale
Greg Brown,2023,1563518,greg brown
Dalano Banton,2023,1563518,dalano banton
Kenneth Lofton,2023,1505966,kenneth lofton
Christian Koloko,2023,1500000,christian koloko
Bryce McGowens,2023,1461055,bryce mcgowens
Eric Bledsoe,2023,1300000,eric bledsoe
Jordan Goodwin,2023,1280206,jordan goodwin
Kennedy Chandler,2023,1200000,kennedy chandler
Noah Vonleh,2023,1160955,noah vonleh
Sandro Mamukelashvili,2023,1116112,sandro mamukelashvili
Sam Merrill,2023,1105522,sam merrill
Zhaire Smith,2023,1068200,zhaire smith
Tyrese Martin,2023,1017781,tyrese martin
Jaden Hardy,2023,1017781,jaden hardy
Ryan Rollins,2023,1017781,ryan rollins
Max Christie,2023,1017781,max christie
Josh Minott,2023,1017781,josh minott
Jabari Walker,2023,1017781,jabari walker
Eugene Omoruyi,2023,1013119,eugene omoruyi
Kris Dunn,2023,1000001,kris dunn
Kyle Singler,2023,999200,kyle singler
Ishmail Wainright,2023,980057,ishmail wainright
Admiral Schofield,2023,877940,admiral schofield
Justin Champagnie,2023,853241,justin champagnie
Trevelin Queen,2023,838891,trevelin queen
Moses Brown,2023,824041,moses brown
Matt Ryan,2023,806097,matt ryan
DaQuan Jeffries,2023,799403,daquan jeffries
PJ Dozier,2023,784654,pj dozier
Cody Zeller,2023,743922,cody zeller
Meyers Leonard,2023,713558,meyers leonard
Nik Stauskas,2023,702311,nik stauskas
Anthony Lamb,2023,694878,anthony lamb
Michael Carter-Williams,2023,652829,michael carter-williams
DJ Augustin,2023,633938,dj augustin
Duane Washington Jr,2023,628802,duane washington jr
Carlik Jones,2023,612162,carlik jones
Juwan Morgan,2023,576230,juwan morgan
Malik Fitts,2023,555217,malik fitts
Luka Samanic,2023,538317,luka samanic
David Duke,2023,531283,david duke
Trevor Keels,2023,520589,trevor keels
Dereon Seabron,2023,511816,dereon seabron
Cole Swider,2023,508891,cole swider
Vince Williams Jr,2023,508891,vince williams jr
EJ Liddell,2023,508891,ej liddell
Kevon Harris,2023,508891,kevon harris
Micah Potter,2023,508891,micah potter
Trent Forrest,2023,508891,trent forrest
JD Davison,2023,508891,jd davison
Mfiondu Kabengele,2023,508891,mfiondu kabengele
Malcolm Hill,2023,508891,malcolm hill
Mamadi Diakite,2023,508891,mamadi diakite
Isaiah Mobley,2023,508891,isaiah mobley
McKinley Wright,2023,508891,mckinley wright
Collin Gillespie,2023,508891,collin gillespie
Jack White,2023,508891,jack white
Buddy Boeheim,2023,508891,buddy boeheim
Darius Days,2023,508891,darius days
Trevor Hudgins,2023,508891,trevor hudgins
Kendall Brown,2023,508891,kendall brown
Moussa Diabate,2023,508891,moussa diabate
Scottie Pippen Jr,2023,508891,scottie pippen jr
Jamal Cain,2023,508891,jamal cain
AJ Green,2023,508891,aj green
Luka Garza,2023,508891,luka garza
Keon Ellis,2023,508891,keon ellis
Neemias Queta,2023,508891,neemias queta
Dominick Barlow,2023,508891,dominick barlow
Julian Champagnie,2023,508891,julian champagnie
Jeff Dowtin,2023,508891,jeff dowtin
Ron Harper Jr,2023,508891,ron harper jr
Johnny Juzang,2023,508891,johnny juzang
John Butler,2023,503041,john butler
Chima Moneke,2023,500000,chima moneke
Facundo Campazzo,2023,464299,facundo campazzo
Orlando Robinson,2023,386055,orlando robinson
Dru Smith,2023,374357,dru smith
AJ Lawson,2023,371432,aj lawson
Jared Rhoden,2023,307089,jared rhoden
Louis King,2023,307089,louis king
Robert Woodard,2023,300000,robert woodard
Didi Louzada,2023,268032,didi louzada
Jarrett Culver,2023,260295,jarrett culver
Olivier Sarr,2023,257371,olivier sarr
Alondes Williams,2023,254446,alondes williams
DJ Wilson,2023,250000,dj wilson
Donovan Williams,2023,239822,donovan williams
Quenton Jackson,2023,219630,quenton jackson
Chris Silva,2023,211045,chris silva
Tyler Dorsey,2023,201802,tyler dorsey
Braxton Key,2023,201802,braxton key
Jordan Hall,2023,193027,jordan hall
Alize Johnson,2023,192293,alize johnson
Kostas Antetokounmpo,2023,172555,kostas antetokounmpo
Devon Dotson,2023,169630,devon dotson
Mac McClung,2023,160856,mac mcclung
Willie Cauley-Stein,2023,155738,willie cauley-stein
Nate Darling,2023,152082,nate darling
Xavier Cooks,2023,140384,xavier cooks
Keaton Wallace,2023,140384,keaton wallace
Shaquille Harrison,2023,134862,shaquille harrison
Feron Hunt,2023,131610,feron hunt
Lester Quinones,2023,129405,lester quinones
Troy Williams,2023,122741,troy williams
Xavier Moon,2023,116986,xavier moon
Jamaree Bouyea,2023,116986,jamaree bouyea
Jay Huff,2023,116986,jay huff
Skylar Mays,2023,116574,skylar mays
Frank Jackson,2023,113114,frank jackson
Michael Foster,2023,106288,michael foster
Deonte Burton,2023,105522,deonte burton
Jarrell Brantley,2023,105522,jarrell brantley
Xavier Sneed,2023,102910,xavier sneed
Justin Lewis,2023,102363,justin lewis
Lindell Wigginton,2023,99438,lindell wigginton
Jordan Schakel,2023,96514,jordan schakel
Demetrius Jackson,2023,92857,demetrius jackson
Stanley Umude,2023,58493,stanley umude
Jeenathan Williams,2023,52644,jeenathan williams
DJ Steward,2023,50000,dj steward
Armoni Brooks,2023,50000,armoni brooks
Jay Scrubb,2023,49719,jay scrubb
Justin Minaya,2023,35096,justin minaya
Kobi Simmons,2023,32795,kobi simmons
Gabe York,2023,32171,gabe york
Ibou Badji,2023,18226,ibou badji
Tristan Thompson,2023,16700,tristan thompson
RaiQuan Gray,2023,5849,raiquan gray
Jacob Gilyard,2023,5849,jacob gilyard
Stephen Curry,2024,51915615,stephen curry
LeBron James,2024,46698737,lebron james
Kevin Durant,2024,47649433,kevin durant
Bradley Beal,2024,46741590,bradley beal
Paul George,2024,45640084,paul george
Kawhi Leonard,2024,45640084,kawhi leonard
Giannis Antetokounmpo,2024,45640084,giannis antetokounmpo
Damian Lillard,2024,45640084,damian lillard
Klay Thompson,2024,43219440,klay thompson
Rudy Gobert,2024,41000000,rudy gobert
Khris Middleton,2024,40396552,khris middleton
Anthony Davis,2024,40600080,anthony davis
Jimmy Butler,2024,45183960,jimmy butler
Tobias Harris,2024,39270150,tobias harris
Trae Young,2024,40064220,trae young
Zach LaVine,2024,40064220,zach lavine
Luka Doncic,2024,40064220,luka doncic
Ben Simmons,2024,37893408,ben simmons
Pascal Siakam,2024,37893408,pascal siakam
Myles Turner,2024,20975000,myles turner
Jrue Holiday,2024,36861707,jrue holiday
Karl-Anthony Towns,2024,36016200,karl-anthony towns
Devin Booker,2024,36016200,devin booker
Kristaps Porzingis,2024,36016200,kristaps porzingis
Joel Embiid,2024,46900000,joel embiid
Andrew Wiggins,2024,24330357,andrew wiggins
CJ McCollum,2024,35802469,cj mccollum
Nikola Jokic,2024,46550000,nikola jokic
James Harden,2024,35640000,james harden
Jamal Murray,2024,33833400,jamal murray
Brandon Ingram,2024,33833400,brandon ingram
Michael Porter,2024,33386850,michael porter
Shai Gilgeous-Alexander,2024,33386850,shai gilgeous-alexander
Donovan Mitchell,2024,33162030,donovan mitchell
Deandre Ayton,2024,32459438,deandre ayton
Jayson Tatum,2024,32600060,jayson tatum
Bam Adebayo,2024,32600060,bam adebayo
De'Aaron Fox,2024,32600060,de'aaron fox
Gordon Hayward,2024,31500000,gordon hayward
Jaylen Brown,2024,31830357,jaylen brown
Jaren Jackson Jr,2024,27102202,jaren jackson jr
Chris Paul,2024,30800000,chris paul
Kyle Lowry,2024,29682540,kyle lowry
Jalen Brunson,2024,26346666,jalen brunson
DeMar DeRozan,2024,28600000,demar derozan
Al Horford,2024,10000000,al horford
Draymond Green,2024,27586224,draymond green
Julius Randle,2024,25660800,julius randle
John Collins,2024,25340000,john collins
Mike Conley,2024,24360000,mike conley
Malcolm Brogdon,2024,22500000,malcolm brogdon
Anfernee Simons,2024,24107143,anfernee simons
Terry Rozier,2024,23205221,terry rozier
Fred VanVleet,2024,22824074,fred vanvleet
Buddy Hield,2024,19279841,buddy hield
Domantas Sabonis,2024,22000000,domantas sabonis
Mikal Bridges,2024,21700000,mikal bridges
Jarrett Allen,2024,20000000,jarrett allen
Nicolas Batum,2024,11710818,nicolas batum
Aaron Gordon,2024,21266182,aaron gordon
Tim Hardaway Jr,2024,17897728,tim hardaway jr
Eric Gordon,2024,20917902,eric gordon
Bojan Bogdanovic,2024,20000000,bojan bogdanovic
Lonzo Ball,2024,20465117,lonzo ball
Spencer Dinwiddie,2024,20357143,spencer dinwiddie
Danilo Gallinari,2024,6802950,danilo gallinari
Joe Harris,2024,19928571,joe harris
Clint Capela,2024,20616000,clint capela
Evan Fournier,2024,18857143,evan fournier
Bogdan Bogdanovic,2024,18700000,bogdan bogdanovic
Steven Adams,2024,12600000,steven adams
Jonathan Isaac,2024,17400000,jonathan isaac
OG Anunoby,2024,18642857,og anunoby
Gary Trent Jr,2024,18560000,gary trent jr
Marcus Smart,2024,18583713,marcus smart
Derrick White,2024,18357143,derrick white
Dejounte Murray,2024,18214000,dejounte murray
Mitchell Robinson,2024,15681818,mitchell robinson
Duncan Robinson,2024,18154000,duncan robinson
Norman Powell,2024,18000000,norman powell
Collin Sexton,2024,17325000,collin sexton
Markelle Fultz,2024,17000000,markelle fultz
Lauri Markkanen,2024,17259999,lauri markkanen
Marcus Morris,2024,17116279,marcus morris
Davis Bertans,2024,17000000,davis bertans
Jusuf Nurkic,2024,16875000,jusuf nurkic
Malik Beasley,2024,16524106,malik beasley
Luguentz Dort,2024,15277778,luguentz dort
Tyus Jones,2024,14000000,tyus jones
Jonas Valanciunas,2024,15435000,jonas valanciunas
Derrick Rose,2024,15596339,derrick rose
Kevin Huerter,2024,15669643,kevin huerter
Wendell Carter,2024,13050000,wendell carter
Kentavious Caldwell-Pope,2024,14704938,kentavious caldwell-pope
Doug McDermott,2024,13750000,doug mcdermott
Luke Kennard,2024,14763636,luke kennard
Zion Williamson,2024,33500000,zion williamson
Jordan Clarkson,2024,14260000,jordan clarkson
Gary Harris,2024,13000000,gary harris
Kyle Kuzma,2024,13000000,kyle kuzma
Josh Hart,2024,12960000,josh hart
Dorian Finney-Smith,2024,13932008,dorian finney-smith
Kelly Olynyk,2024,12195122,kelly olynyk
Chris Boucher,2024,11750000,chris boucher
Marvin Bagley,2024,12500000,marvin bagley
Robert Covington,2024,11692308,robert covington
Ja Morant,2024,33500000,ja morant
Devonte Graham,2024,12100000,devonte graham
Richaun Holmes,2024,12046020,richaun holmes
Paolo Banchero,2024,11608080,paolo banchero
RJ Barrett,2024,23883929,rj barrett
Bobby Portis,2024,11710818,bobby portis
Anthony Edwards,2024,13534817,anthony edwards
Robert Williams,2024,11571429,robert williams
Cade Cunningham,2024,11055360,cade cunningham
PJ Tucker,2024,11014500,pj tucker
Mo Bamba,2024,10300000,mo bamba
Talen Horton-Tucker,2024,11020000,talen horton-tucker
Ivica Zubac,2024,10933333,ivica zubac
Reggie Bullock,2024,10489600,reggie bullock
Alec Burks,2024,10489600,alec burks
Chet Holmgren,2024,10386000,chet holmgren
De'Andre Hunter,2024,20089286,de'andre hunter
Larry Nance Jr,2024,10375000,larry nance jr
James Wiseman,2024,12119440,james wiseman
Landry Shamet,2024,10250000,landry shamet
Malik Monk,2024,9945830,malik monk
Jalen Green,2024,9891480,jalen green
Nicolas Claxton,2024,9625000,nicolas claxton
Royce O'Neale,2024,9500000,royce o'neale
Monte Morris,2024,9800926,monte morris
Alex Caruso,2024,9460000,alex caruso
Maxi Kleber,2024,11000000,maxi kleber
Grayson Allen,2024,8925000,grayson allen
Darius Garland,2024,33500000,darius garland
Jabari Smith,2024,9326520,jabari smith
Isaiah Hartenstein,2024,9245121,isaiah hartenstein
Kyle Anderson,2024,9219512,kyle anderson
Victor Oladipo,2024,9450000,victor oladipo
Daniel Theis,2024,9108386,daniel theis
LaMelo Ball,2024,10900635,lamelo ball
Evan Mobley,2024,8882640,evan mobley
Gary Payton II,2024,8715000,gary payton ii
Dewayne Dedmon,2024,2748674,dewayne dedmon
De'Anthony Melton,2024,8000000,de'anthony melton
TJ McConnell,2024,8700000,tj mcconnell
Keegan Murray,2024,8409000,keegan murray
Kevon Looney,2024,8500000,kevon looney
Thaddeus Young,2024,8000000,thaddeus young
Delon Wright,2024,8195122,delon wright
Patrick Williams,2024,9835881,patrick williams
Scottie Barnes,2024,8008680,scottie barnes
Cedi Osman,2024,6718842,cedi osman
Coby White,2024,9942113,coby white
Zach Collins,2024,7700000,zach collins
Taurean Prince,2024,7650000,taurean prince
Jaden Ivey,2024,7614480,jaden ivey
Jae'Sean Tate,2024,6500000,jae'sean tate
Isaac Okoro,2024,8920794,isaac okoro
Cody Martin,2024,7560000,cody martin
Jalen Suggs,2024,7252080,jalen suggs
Jaxson Hayes,2024,9170460,jaxson hayes
Khem Birch,2024,6985000,khem birch
Bennedict Mathurin,2024,6916080,bennedict mathurin
Patrick Mills,2024,6802950,patrick mills
Bruce Brown,2024,6802950,bruce brown
Caleb Martin,2024,6802950,caleb martin
Onyeka Okongwu,2024,8109063,onyeka okongwu
Josh Giddey,2024,6587040,josh giddey
Rui Hachimura,2024,8486619,rui hachimura
Rudy Gay,2024,6479000,rudy gay
Jevon Carter,2024,2239943,jevon carter
Shaedon Sharpe,2024,6313800,shaedon sharpe
Cameron Payne,2024,6500000,cameron payne
Otto Porter,2024,6300000,otto porter
Cam Reddish,2024,8109966,cam reddish
Cameron Johnson,2024,8060533,cameron johnson
Ricky Rubio,2024,6146342,ricky rubio
Killian Hayes,2024,7413955,killian hayes
PJ Washington,2024,7992407,pj washington
Jonathan Kuminga,2024,6012840,jonathan kuminga
Pat Connaughton,2024,9423869,pat connaughton
Tyler Herro,2024,27000000,tyler herro
Romeo Langford,2024,7837251,romeo langford
Dyson Daniels,2024,5784120,dyson daniels
JaVale McGee,2024,5734280,javale mcgee
Goga Bitadze,2024,2066585,goga bitadze
Obi Toppin,2024,6803012,obi toppin
Franz Wagner,2024,5508720,franz wagner
Garrett Temple,2024,5401000,garrett temple
Jeremy Sochan,2024,5316960,jeremy sochan
David Nwaba,2024,5394000,david nwaba
Nickeil Alexander-Walker,2024,7073602,nickeil alexander-walker
Furkan Korkmaz,2024,5370370,furkan korkmaz
Deni Avdija,2024,6263188,deni avdija
Davion Mitchell,2024,5063640,davion mitchell
Johnny Davis,2024,5050800,johnny davis
Ty Jerome,2024,1761752,ty jerome
Jalen Smith,2024,5043773,jalen smith
Ziaire Williams,2024,4810200,ziaire williams
Ousmane Dieng,2024,4798440,ousmane dieng
Donte DiVincenzo,2024,4725000,donte divincenzo
Devin Vassell,2024,5887899,devin vassell
Matisse Thybulle,2024,6275861,matisse thybulle
Jarred Vanderbilt,2024,4698000,jarred vanderbilt
James Bouknight,2024,4570080,james bouknight
Brandon Clarke,2024,12500000,brandon clarke
Jalen Williams,2024,4558680,jalen williams
Grant Williams,2024,6235494,grant williams
Darius Bazley,2024,6205035,darius bazley
Tyrese Haliburton,2024,5808435,tyrese haliburton
Nassir Little,2024,6250000,nassir little
Josh Primo,2024,4341600,josh primo
Jalen Duren,2024,4330680,jalen duren
Danuel House,2024,4310250,danuel house
Dylan Windler,2024,5959021,dylan windler
Kira Lewis,2024,5722116,kira lewis
Chris Duarte,2024,4124400,chris duarte
Ochai Agbaji,2024,4114200,ochai agbaji
Jordan Poole,2024,27955357,jordan poole
Keldon Johnson,2024,20000000,keldon johnson
Aaron Nesmith,2024,5634257,aaron nesmith
Moses Moody,2024,3918480,moses moody
Mark Williams,2024,3908160,mark williams
Cole Anthony,2024,5539771,cole anthony
Corey Kispert,2024,3722040,corey kispert
AJ Griffin,2024,3712920,aj griffin
Mike Muscala,2024,3500000,mike muscala
Isaiah Stewart,2024,5266713,isaiah stewart
Chuma Okeke,2024,5266712,chuma okeke
Amir Coffey,2024,3666667,amir coffey
Alperen Sengun,2024,3536280,alperen sengun
Tari Eason,2024,3527160,tari eason
Aleksej Pokusevski,2024,5009633,aleksej pokusevski
Kevin Porter,2024,15860000,kevin porter
Trey Murphy,2024,3359280,trey murphy
Simone Fontecchio,2024,3044872,simone fontecchio
Andre Drummond,2024,3360000,andre drummond
Derrick Jones,2024,3360000,derrick jones
Dalen Terry,2024,3350760,dalen terry
Josh Green,2024,4765339,josh green
Jake LaRavia,2024,3199920,jake laravia
Tre Mann,2024,3191400,tre mann
Kevin Knox,2024,3000000,kevin knox
Saddiq Bey,2024,4556983,saddiq bey
Malaki Branham,2024,3071880,malaki branham
Joe Wieskamp,2024,1927896,joe wieskamp
Kai Jones,2024,3047880,kai jones
RJ Hampton,2024,1927896,rj hampton
Andrew Nicholson,2024,2844429,andrew nicholson
Precious Achiuwa,2024,4379526,precious achiuwa
Christian Braun,2024,2949120,christian braun
Jordan Nwora,2024,3000000,jordan nwora
Jalen Johnson,2024,2925360,jalen johnson
Tyrese Maxey,2024,4343920,tyrese maxey
Bruno Fernando,2024,2581522,bruno fernando
Walker Kessler,2024,2831160,walker kessler
Keon Johnson,2024,2808720,keon johnson
Charles Bassey,2024,2600000,charles bassey
Zeke Nnaji,2024,4306281,zeke nnaji
David Roddy,2024,2718240,david roddy
Isaiah Jackson,2024,2696280,isaiah jackson
MarJon Beauchamp,2024,2609400,marjon beauchamp
Usman Garuba,2024,2588400,usman garuba
Montrezl Harrell,2024,2760026,montrezl harrell
Willy Hernangomez,2024,2559942,willy hernangomez
Theo Maledon,2024,1761752,theo maledon
Blake Wesley,2024,2504640,blake wesley
Josh Christopher,2024,2485200,josh christopher
Isaiah Roby,2024,2066585,isaiah roby
Lindy Waters III,2024,1927896,lindy waters iii
Immanuel Quickley,2024,4171548,immanuel quickley
Wendell Moore,2024,2421720,wendell moore
John Konchar,2024,2400000,john konchar
Damian Jones,2024,2586665,damian jones
Quentin Grimes,2024,2385720,quentin grimes
Saben Lee,2024,1761752,saben lee
Andrew Nembhard,2024,2131905,andrew nembhard
Nikola Jovic,2024,2352000,nikola jovic
Payton Pritchard,2024,4037277,payton pritchard
Vlatko Cancar,2024,2234359,vlatko cancar
Patrick Baldwin,2024,2337720,patrick baldwin
TyTy Washington,2024,2320440,tyty washington
Bones Hyland,2024,2306400,bones hyland
Bol Bol,2024,2200000,bol bol
Peyton Watson,2024,2303520,peyton watson
Jaden McDaniels,2024,3901399,jaden mcdaniels
Jordan McLaughlin,2024,2320000,jordan mclaughlin
Malachi Flynn,2024,3873024,malachi flynn
Cam Thomas,2024,2240160,cam thomas
Luke Kornet,2024,2413304,luke kornet
Desmond Bane,2024,3845083,desmond bane
Jaden Springer,2024,2226240,jaden springer
Day'Ron Sharpe,2024,2210040,day'ron sharpe
Santiago Aldama,2024,2194200,santiago aldama
Kenrich Williams,2024,6175000,kenrich williams
Garrison Mathews,2024,2000000,garrison mathews
Jaylin Williams,2024,2000000,jaylin williams
Caleb Houstan,2024,2000000,caleb houstan
Jeremiah Robinson-Earl,2024,1900000,jeremiah robinson-earl
Edmond Sumner,2024,2239943,edmond sumner
Daniel Gafford,2024,12402000,daniel gafford
Terance Mann,2024,10576923,terance mann
Dean Wade,2024,5709877,dean wade
Vernon Carey,2024,1997238,vernon carey
Isaiah Joe,2024,1997238,isaiah joe
Anthony Gill,2024,1997238,anthony gill
Nathan Knight,2024,1997238,nathan knight
Herb Jones,2024,1836096,herb jones
KJ Martin,2024,1930681,kj martin
Nick Richards,2024,5000000,nick richards
Lamar Stevens,2024,1930681,lamar stevens
Xavier Tillman,2024,1930681,xavier tillman
Naji Marshall,2024,1930681,naji marshall
Haywood Highsmith,2024,1902137,haywood highsmith
Jericho Sims,2024,1927896,jericho sims
Sam Hauser,2024,1927896,sam hauser
Kessler Edwards,2024,1927896,kessler edwards
Isaiah Todd,2024,1836096,isaiah todd
Vit Krejci,2024,1836096,vit krejci
JT Thor,2024,1836096,jt thor
Marko Simonovic,2024,1836096,marko simonovic
BJ Boston,2024,1836096,bj boston
Jason Preston,2024,1836096,jason preston
Aaron Wiggins,2024,1836096,aaron wiggins
Trendon Watford,2024,1836096,trendon watford
Isaiah Livers,2024,1836096,isaiah livers
Daishen Nix,2024,1836096,daishen nix
Jose Alvarado,2024,1836096,jose alvarado
Miles McBride,2024,1836096,miles mcbride
Kenneth Lofton,2024,1719864,kenneth lofton
Christian Koloko,2024,1719864,christian koloko
Bryce McGowens,2024,1719864,bryce mcgowens
Eric Bledsoe,2024,1300000,eric bledsoe
Jordan Goodwin,2024,1927896,jordan goodwin
Kennedy Chandler,2024,1719864,kennedy chandler
Sam Merrill,2024,1997238,sam merrill
Tyrese Martin,2024,1719864,tyrese martin
Jaden Hardy,2024,1719864,jaden hardy
Ryan Rollins,2024,1719864,ryan rollins
Max Christie,2024,1719864,max christie
Josh Minott,2024,1719864,josh minott
Jabari Walker,2024,1719864,jabari walker
Eugene Omoruyi,2024,1927896,eugene omoruyi
Kris Dunn,2024,2586484,kris dunn
Ishmail Wainright,2024,1927896,ishmail wainright
Admiral Schofield,2024,1997238,admiral schofield
Justin Champagnie,2024,1927896,justin champagnie
Matt Ryan,2024,1761752,matt ryan
DaQuan Jeffries,2024,2066585,daquan jeffries
PJ Dozier,2024,2413304,pj dozier
Nik Stauskas,2024,702311,nik stauskas
Anthony Lamb,2024,1761752,anthony lamb
Michael Carter-Williams,2024,3051144,michael carter-williams
Carlik Jones,2024,1927896,carlik jones
Juwan Morgan,2024,576230,juwan morgan
Malik Fitts,2024,555217,malik fitts
Luka Samanic,2024,2066585,luka samanic
David Duke,2024,1761752,david duke
Dereon Seabron,2024,547349,dereon seabron
Cole Swider,2024,547349,cole swider
Vince Williams Jr,2024,547349,vince williams jr
EJ Liddell,2024,547349,ej liddell
Kevon Harris,2024,547349,kevon harris
Micah Potter,2024,547349,micah potter
Trent Forrest,2024,1761752,trent forrest
JD Davison,2024,1761752,jd davison
Mfiondu Kabengele,2024,1761752,mfiondu kabengele
Mamadi Diakite,2024,1761752,mamadi diakite
Isaiah Mobley,2024,1761752,isaiah mobley
McKinley Wright,2024,1761752,mckinley wright
Collin Gillespie,2024,1761752,collin gillespie
Jack White,2024,1761752,jack white
Buddy Boeheim,2024,1761752,buddy boeheim
Darius Days,2024,1761752,darius days
Trevor Hudgins,2024,1761752,trevor hudgins
Kendall Brown,2024,1761752,kendall brown
Moussa Diabate,2024,1761752,moussa diabate
Scottie Pippen Jr,2024,1761752,scottie pippen jr
Jamal Cain,2024,1761752,jamal cain
AJ Green,2024,1761752,aj green
Luka Garza,2024,1761752,luka garza
Keon Ellis,2024,1761752,keon ellis
Neemias Queta,2024,1761752,neemias queta
Dominick Barlow,2024,1761752,dominick barlow
Julian Champagnie,2024,1761752,julian champagnie
Jeff Dowtin,2024,1761752,jeff dowtin
Ron Harper Jr,2024,1761752,ron harper jr
Johnny Juzang,2024,1761752,johnny juzang
John Butler,2024,1761752,john butler
Orlando Robinson,2024,1761752,orlando robinson
AJ Lawson,2024,1761752,aj lawson
Jared Rhoden,2024,1761752,jared rhoden
Louis King,2024,1761752,louis king
Didi Louzada,2024,268032,didi louzada
Donovan Williams,2024,1761752,donovan williams
Quenton Jackson,2024,547349,quenton jackson
Mac McClung,2024,1761752,mac mcclung
Xavier Cooks,2024,1719864,xavier cooks
Shaquille Harrison,2024,2413304,shaquille harrison
Xavier Sneed,2024,547349,xavier sneed
Lindell Wigginton,2024,547349,lindell wigginton
Demetrius Jackson,2024,92857,demetrius jackson
Jeenathan Williams,2024,1719864,jeenathan williams
Jay Scrubb,2024,547349,jay scrubb
Kobi Simmons,2024,2066585,kobi simmons
Ibou Badji,2024,1761752,ibou badji
RaiQuan Gray,2024,547349,raiquan gray
Jacob Gilyard,2024,547349,jacob gilyard
Stephen Curry,2025,55761217,stephen curry
LeBron James,2025,50434636,lebron james
Kevin Durant,2025,51179020,kevin durant
Bradley Beal,2025,50203930,bradley beal
Paul George,2025,48787676,paul george
Kawhi Leonard,2025,48787676,kawhi leonard
Giannis Antetokounmpo,2025,48787676,giannis antetokounmpo
Damian Lillard,2025,48787676,damian lillard
Rudy Gobert,2025,43827586,rudy gobert
Anthony Davis,2025,43219440,anthony davis
Jimmy Butler,2025,48798677,jimmy butler
Trae Young,2025,43031940,trae young
Zach LaVine,2025,43031940,zach lavine
Luka Doncic,2025,43031940,luka doncic
Ben Simmons,2025,40338144,ben simmons
Myles Turner,2025,19928500,myles turner
Jrue Holiday,2025,39403894,jrue holiday
Karl-Anthony Towns,2025,50050000,karl-anthony towns
Devin Booker,2025,50050000,devin booker
Joel Embiid,2025,50652000,joel embiid
Andrew Wiggins,2025,26276786,andrew wiggins
CJ McCollum,2025,33333333,cj mccollum
Nikola Jokic,2025,50274000,nikola jokic
Jamal Murray,2025,36016200,jamal murray
Brandon Ingram,2025,36016200,brandon ingram
Michael Porter,2025,35859950,michael porter
Shai Gilgeous-Alexander,2025,35859950,shai gilgeous-alexander
Donovan Mitchell,2025,35410310,donovan mitchell
Deandre Ayton,2025,34005126,deandre ayton
Jayson Tatum,2025,34848340,jayson tatum
Bam Adebayo,2025,34848340,bam adebayo
De'Aaron Fox,2025,34848340,de'aaron fox
Jaren Jackson Jr,2025,25257798,jaren jackson jr
Chris Paul,2025,30800000,chris paul
Jalen Brunson,2025,24960001,jalen brunson
Al Horford,2025,9500000,al horford
Julius Randle,2025,27561600,julius randle
John Collins,2025,26580000,john collins
Malcolm Brogdon,2025,22500000,malcolm brogdon
Anfernee Simons,2025,25892857,anfernee simons
Terry Rozier,2025,24924126,terry rozier
Mikal Bridges,2025,23300000,mikal bridges
Jarrett Allen,2025,20000000,jarrett allen
Aaron Gordon,2025,22841455,aaron gordon
Tim Hardaway Jr,2025,16193183,tim hardaway jr
Bojan Bogdanovic,2025,19032850,bojan bogdanovic
Lonzo Ball,2025,21395348,lonzo ball
Clint Capela,2025,22265280,clint capela
Evan Fournier,2025,19000000,evan fournier
Bogdan Bogdanovic,2025,17260000,bogdan bogdanovic
Steven Adams,2025,12600000,steven adams
Jonathan Isaac,2025,17400000,jonathan isaac
OG Anunoby,2025,19928571,og anunoby
Marcus Smart,2025,19960285,marcus smart
Derrick White,2025,19571429,derrick white
Mitchell Robinson,2025,14318182,mitchell robinson
Duncan Robinson,2025,19406000,duncan robinson
Norman Powell,2025,19241379,norman powell
Collin Sexton,2025,18150000,collin sexton
Lauri Markkanen,2025,18044544,lauri markkanen
Davis Bertans,2025,16000000,davis bertans
Jusuf Nurkic,2025,18125000,jusuf nurkic
Luguentz Dort,2025,16500000,luguentz dort
Kevin Huerter,2025,16830357,kevin huerter
Wendell Carter,2025,11950000,wendell carter
Kentavious Caldwell-Pope,2025,15440185,kentavious caldwell-pope
Luke Kennard,2025,14763636,luke kennard
Zion Williamson,2025,36180000,zion williamson
Dorian Finney-Smith,2025,14924167,dorian finney-smith
Chris Boucher,2025,10810000,chris boucher
Marvin Bagley,2025,12500000,marvin bagley
Ja Morant,2025,36180000,ja morant
Devonte Graham,2025,12650000,devonte graham
Richaun Holmes,2025,12876780,richaun holmes
Paolo Banchero,2025,12160800,paolo banchero
RJ Barrett,2025,25794643,rj barrett
Bobby Portis,2025,12578286,bobby portis
Anthony Edwards,2025,17595263,anthony edwards
Robert Williams,2025,12428571,robert williams
Cade Cunningham,2025,13940809,cade cunningham
PJ Tucker,2025,11539000,pj tucker
Ivica Zubac,2025,11743210,ivica zubac
Chet Holmgren,2025,10880640,chet holmgren
De'Andre Hunter,2025,21696429,de'andre hunter
Larry Nance Jr,2025,11205000,larry nance jr
James Wiseman,2025,15815870,james wiseman
Landry Shamet,2025,11000000,landry shamet
Jalen Green,2025,12483048,jalen green
Alex Caruso,2025,9890000,alex caruso
Maxi Kleber,2025,11000000,maxi kleber
Darius Garland,2025,36180000,darius garland
Jabari Smith,2025,9770880,jabari smith
Daniel Theis,2025,9522404,daniel theis
LaMelo Ball,2025,14301633,lamelo ball
Evan Mobley,2025,11227657,evan mobley
Gary Payton II,2025,9130000,gary payton ii
Dewayne Dedmon,2025,2748674,dewayne dedmon
TJ McConnell,2025,9300000,tj mcconnell
Keegan Murray,2025,8809560,keegan murray
Kevon Looney,2025,9000000,kevon looney
Patrick Williams,2025,12973527,patrick williams
Scottie Barnes,2025,10130980,scottie barnes
Jaden Ivey,2025,7977240,jaden ivey
Jae'Sean Tate,2025,7065217,jae'sean tate
Isaac Okoro,2025,11828974,isaac okoro
Cody Martin,2025,8120000,cody martin
Jalen Suggs,2025,9188385,jalen suggs
Bennedict Mathurin,2025,7245720,bennedict mathurin
Caleb Martin,2025,7126900,caleb martin
Onyeka Okongwu,2025,10817490,onyeka okongwu
Josh Giddey,2025,8352367,josh giddey
Shaedon Sharpe,2025,6614160,shaedon sharpe
Ricky Rubio,2025,6439025,ricky rubio
Killian Hayes,2025,9942114,killian hayes
Jonathan Kuminga,2025,7636307,jonathan kuminga
Pat Connaughton,2025,9423869,pat connaughton
Tyler Herro,2025,29000000,tyler herro
Dyson Daniels,2025,6059520,dyson daniels
JaVale McGee,2025,6007341,javale mcgee
Obi Toppin,2025,9170460,obi toppin
Franz Wagner,2025,7007092,franz wagner
Jeremy Sochan,2025,5570040,jeremy sochan
Deni Avdija,2025,8486619,deni avdija
Davion Mitchell,2025,6451077,davion mitchell
Johnny Davis,2025,5291160,johnny davis
Jalen Smith,2025,5417386,jalen smith
Ziaire Williams,2025,6133005,ziaire williams
Ousmane Dieng,2025,5027040,ousmane dieng
Devin Vassell,2025,8060534,devin vassell
James Bouknight,2025,6064496,james bouknight
Brandon Clarke,2025,12500000,brandon clarke
Jalen Williams,2025,4775760,jalen williams
Tyrese Haliburton,2025,7992406,tyrese haliburton
Nassir Little,2025,6750000,nassir little
Jalen Duren,2025,4536840,jalen duren
Kira Lewis,2025,7913686,kira lewis
Chris Duarte,2025,5893768,chris duarte
Ochai Agbaji,2025,4310280,ochai agbaji
Jordan Poole,2025,30151786,jordan poole
Keldon Johnson,2025,19000000,keldon johnson
Aaron Nesmith,2025,7837251,aaron nesmith
Moses Moody,2025,5803269,moses moody
Mark Williams,2025,4094280,mark williams
Cole Anthony,2025,7744600,cole anthony
Corey Kispert,2025,5705887,corey kispert
AJ Griffin,2025,3889920,aj griffin
Isaiah Stewart,2025,7399731,isaiah stewart
Chuma Okeke,2025,7399731,chuma okeke
Amir Coffey,2025,3938271,amir coffey
Alperen Sengun,2025,5424654,alperen sengun
Tari Eason,2025,3695160,tari eason
Aleksej Pokusevski,2025,7073602,aleksej pokusevski
Kevin Porter,2025,15860000,kevin porter
Trey Murphy,2025,5159854,trey murphy
Dalen Terry,2025,3510480,dalen terry
Josh Green,2025,6762016,josh green
Jake LaRavia,2025,3352680,jake laravia
Tre Mann,2025,4908373,tre mann
Saddiq Bey,2025,6498258,saddiq bey
Malaki Branham,2025,3217920,malaki branham
Kai Jones,2025,4693735,kai jones
Precious Achiuwa,2025,6275861,precious achiuwa
Christian Braun,2025,3089640,christian braun
Jalen Johnson,2025,4510905,jalen johnson
Tyrese Maxey,2025,6259588,tyrese maxey
Bruno Fernando,2025,2717391,bruno fernando
Walker Kessler,2025,2965920,walker kessler
Keon Johnson,2025,4474291,keon johnson
Charles Bassey,2025,2500000,charles bassey
Zeke Nnaji,2025,6235495,zeke nnaji
David Roddy,2025,2847240,david roddy
Isaiah Jackson,2025,4435380,isaiah jackson
MarJon Beauchamp,2025,2733720,marjon beauchamp
Usman Garuba,2025,4392515,usman garuba
Blake Wesley,2025,2624280,blake wesley
Josh Christopher,2025,4346615,josh christopher
Immanuel Quickley,2025,6128004,immanuel quickley
Wendell Moore,2025,2537040,wendell moore
John Konchar,2025,6165000,john konchar
Quentin Grimes,2025,4296682,quentin grimes
Andrew Nembhard,2025,2019699,andrew nembhard
Nikola Jovic,2025,2464200,nikola jovic
Payton Pritchard,2025,5959021,payton pritchard
Vlatko Cancar,2025,2346606,vlatko cancar
Patrick Baldwin,2025,2448840,patrick baldwin
TyTy Washington,2025,2431080,tyty washington
Bones Hyland,2025,4158439,bones hyland
Peyton Watson,2025,2413560,peyton watson
Jaden McDaniels,2025,5813084,jaden mcdaniels
Malachi Flynn,2025,5809537,malachi flynn
Cam Thomas,2025,4041249,cam thomas
Desmond Bane,2025,5767625,desmond bane
Jaden Springer,2025,4018363,jaden springer
Day'Ron Sharpe,2025,3989122,day'ron sharpe
Santiago Aldama,2025,3960531,santiago aldama
Kenrich Williams,2025,6669000,kenrich williams
Garrison Mathews,2025,2230253,garrison mathews
Jaylin Williams,2025,2019699,jaylin williams
Caleb Houstan,2025,2019699,caleb houstan
Jeremiah Robinson-Earl,2025,1988598,jeremiah robinson-earl
Daniel Gafford,2025,13394160,daniel gafford
Terance Mann,2025,11423077,terance mann
Dean Wade,2025,6166667,dean wade
Isaiah Joe,2025,2164993,isaiah joe
Nick Richards,2025,5000000,nick richards
Jericho Sims,2025,2092344,jericho sims
Sam Hauser,2025,2092344,sam hauser
Isaiah Todd,2025,1988598,isaiah todd
Vit Krejci,2025,1988598,vit krejci
JT Thor,2025,1988598,jt thor
Aaron Wiggins,2025,1988598,aaron wiggins
Trendon Watford,2025,1988598,trendon watford
Daishen Nix,2025,1988598,daishen nix
Jose Alvarado,2025,1988598,jose alvarado
Kenneth Lofton,2025,2019699,kenneth lofton
Christian Koloko,2025,2019699,christian koloko
Bryce McGowens,2025,2019699,bryce mcgowens
Eric Bledsoe,2025,1300000,eric bledsoe
Jordan Goodwin,2025,2092344,jordan goodwin
Kennedy Chandler,2025,2019699,kennedy chandler
Sam Merrill,2025,2164993,sam merrill
Jaden Hardy,2025,2019699,jaden hardy
Ryan Rollins,2025,2019699,ryan rollins
Josh Minott,2025,2019699,josh minott
Jabari Walker,2025,2019699,jabari walker
Nik Stauskas,2025,702311,nik stauskas
Carlik Jones,2025,2092344,carlik jones
Juwan Morgan,2025,576230,juwan morgan
Malik Fitts,2025,555217,malik fitts
Didi Louzada,2025,268032,didi louzada
Xavier Cooks,2025,2019699,xavier cooks
Stephen Curry,2026,59606817,stephen curry
Joel Embiid,2026,55224526,joel embiid
Nikola Jokić,2026,55224526,nikola jokic
Kevin Durant,2026,54708609,kevin durant
Jayson Tatum,2026,54126450,jayson tatum
Anthony Davis,2026,54126450,anthony davis
Giannis Antetokounmpo,2026,54126450,giannis antetokounmpo
Jimmy Butler,2026,54126450,jimmy butler
Jaylen Brown,2026,53142264,jaylen brown
Devin Booker,2026,53142264,devin booker
Karl-Anthony Towns,2026,53142264,karl-anthony towns
LeBron James,2026,52627153,lebron james
Paul George,2026,51666090,paul george
Kawhi Leonard,2026,50000000,kawhi leonard
Zach LaVine,2026,47499660,zach lavine
Cade Cunningham,2026,46394100,cade cunningham
Evan Mobley,2026,46394100,evan mobley
Jamal Murray,2026,46394100,jamal murray
Lauri Markkanen,2026,46394100,lauri markkanen
Donovan Mitchell,2026,46394100,donovan mitchell
Trae Young,2026,46394100,trae young
Luka Dončić,2026,45999660,luka doncic
Anthony Edwards,2026,45550512,anthony edwards
Tyrese Haliburton,2026,45550512,tyrese haliburton
Pascal Siakam,2026,45550512,pascal siakam
Domantas Sabonis,2026,42336000,domantas sabonis
OG Anunoby,2026,39568966,og anunoby
Zion Williamson,2026,39446090,zion williamson
Ja Morant,2026,39446090,ja morant
Darius Garland,2026,39446090,darius garland
James Harden,2026,39182693,james harden
Scottie Barnes,2026,38661750,scottie barnes
Franz Wagner,2026,38661750,franz wagner
Shai Gilgeous-Alexander,2026,38333050,shai gilgeous-alexander
Michael Porter Jr.,2026,38333050,michael porter jr.
Brandon Ingram,2026,38095238,brandon ingram
Tyrese Maxey,2026,37958760,tyrese maxey
LaMelo Ball,2026,37958760,lamelo ball
De'Aaron Fox,2026,37096620,de'aaron fox
Bam Adebayo,2026,37096620,bam adebayo
Desmond Bane,2026,36725670,desmond bane
Kyrie Irving,2026,36566002,kyrie irving
Jaren Jackson Jr.,2026,35000000,jaren jackson jr.
Jalen Suggs,2026,35000000,jalen suggs
Rudy Gobert,2026,35000000,rudy gobert
Jalen Brunson,2026,34944001,jalen brunson
Alperen Şengün,2026,33944954,alperen sengun
Jalen Green,2026,33584499,jalen green
Khris Middleton,2026,33296296,khris middleton
Immanuel Quickley,2026,32500000,immanuel quickley
Jrue Holiday,2026,32400000,jrue holiday
Jerami Grant,2026,32000001,jerami grant
Jordan Poole,2026,31848215,jordan poole
Tyler Herro,2026,31000000,tyler herro
Julius Randle,2026,30864198,julius randle
Dejounte Murray,2026,30801103,dejounte murray
Kristaps Porziņģis,2026,30731707,kristaps porzingis
CJ McCollum,2026,30666666,cj mccollum
Jalen Johnson,2026,30000000,jalen johnson
Isaiah Hartenstein,2026,28500000,isaiah hartenstein
Andrew Wiggins,2026,28223215,andrew wiggins
Derrick White,2026,28100000,derrick white
RJ Barrett,2026,27705357,rj barrett
Anfernee Simons,2026,27678571,anfernee simons
Devin Vassell,2026,27000000,devin vassell
Terry Rozier,2026,26643031,terry rozier
Tobias Harris,2026,26634146,tobias harris
John Collins,2026,26580000,john collins
Draymond Green,2026,25892857,draymond green
Deandre Ayton,2026,33654814,deandre ayton
Nic Claxton,2026,25352272,nic claxton
Myles Turner,2026,25318251,myles turner
Trey Murphy III,2026,25000000,trey murphy iii
Josh Giddey,2026,25000000,josh giddey
Miles Bridges,2026,25000000,miles bridges
Fred VanVleet,2026,25000000,fred vanvleet
Mikal Bridges,2026,24900000,mikal bridges
DeMar DeRozan,2026,24570000,demar derozan
Jaden McDaniels,2026,24393104,jaden mcdaniels
Jonathan Kuminga,2026,23799569,jonathan kuminga
De'Andre Hunter,2026,23303571,de'andre hunter
Aaron Gordon,2026,22841455,aaron gordon
Damian Lillard,2026,36620603,damian lillard
Kyle Kuzma,2026,22410605,kyle kuzma
Kentavious Caldwell-Pope,2026,21621500,kentavious caldwell-pope
Naz Reid,2026,21551724,naz reid
Nikola Vučević,2026,21481481,nikola vucevic
Dillon Brooks,2026,21124110,dillon brooks
Cameron Johnson,2026,21057065,cameron johnson
Norman Powell,2026,20482758,norman powell
Jarrett Allen,2026,20000000,jarrett allen
Jakob Poeltl,2026,19500000,jakob poeltl
Josh Hart,2026,19472240,josh hart
Bradley Beal,2026,24737010,bradley beal
Jusuf Nurkić,2026,19375000,jusuf nurkic
Harrison Barnes,2026,19000000,harrison barnes
Collin Sexton,2026,18975000,collin sexton
Ivica Zubac,2026,18893980,ivica zubac
Malik Monk,2026,18797619,malik monk
Santi Aldama,2026,18485916,santi aldama
Rui Hachimura,2026,18259259,rui hachimura
Luguentz Dort,2026,18222222,luguentz dort
Alex Caruso,2026,18102000,alex caruso
Andrew Nembhard,2026,18102000,andrew nembhard
Zach Collins,2026,18080496,zach collins
Patrick Williams,2026,18000000,patrick williams
Kevin Huerter,2026,17991071,kevin huerter
Keldon Johnson,2026,17500000,keldon johnson
Grayson Allen,2026,16875000,grayson allen
Duncan Robinson,2026,16834692,duncan robinson
Klay Thompson,2026,16666667,klay thompson
Bogdan Bogdanović,2026,16020000,bogdan bogdanovic
Max Strus,2026,15936452,max strus
Terance Mann,2026,15500000,terance mann
Paolo Banchero,2026,15334769,paolo banchero
Nickeil Alexander-Walker,2026,15161800,nickeil alexander-walker
Onyeka Okongwu,2026,15000000,onyeka okongwu
Jonathan Isaac,2026,15000000,jonathan isaac
Isaiah Stewart,2026,15000000,isaiah stewart
Marcus Smart,2026,19920855,marcus smart
Daniel Gafford,2026,14386320,daniel gafford
Deni Avdija,2026,14375000,deni avdija
P.J. Washington,2026,14152174,p.j. washington
Steven Adams,2026,14130434,steven adams
Caris LeVert,2026,14104000,caris levert
Dennis Schröder,2026,14104000,dennis schroder
Obi Toppin,2026,14000000,obi toppin
Corey Kispert,2026,13975000,corey kispert
Herbert Jones,2026,13937574,herbert jones
Austin Reaves,2026,13937574,austin reaves
Cooper Flagg,2026,13825920,cooper flagg
Chet Holmgren,2026,13731368,chet holmgren
Josh Green,2026,13666667,josh green
Grant Williams,2026,13645500,grant williams
Bobby Portis,2026,13445754,bobby portis
Kelly Olynyk,2026,13445122,kelly olynyk
Victor Wembanyama,2026,13376880,victor wembanyama
Robert Williams,2026,13285713,robert williams
Zaccharie Risacher,2026,13197720,zaccharie risacher
Mitchell Robinson,2026,12954546,mitchell robinson
Coby White,2026,12888889,coby white
Dorian Finney-Smith,2026,12700000,dorian finney-smith
Brandon Clarke,2026,12500000,brandon clarke
Dylan Harper,2026,12370320,dylan harper
Isaiah Joe,2026,12362338,isaiah joe
Jabari Smith Jr.,2026,12350392,jabari smith jr.
Donte DiVincenzo,2026,11990000,donte divincenzo
Brandon Miller,2026,11968800,brandon miller
Alex Sarr,2026,11808240,alex sarr
Davion Mitchell,2026,11600000,davion mitchell
Moses Moody,2026,11574075,moses moody
Jarred Vanderbilt,2026,11571429,jarred vanderbilt
Matisse Thybulle,2026,11550000,matisse thybulle
Gabe Vincent,2026,11500000,gabe vincent
Keegan Murray,2026,11144093,keegan murray
VJ Edgecombe,2026,11108880,vj edgecombe
Aaron Nesmith,2026,11000000,aaron nesmith
Luke Kornet,2026,11000000,luke kornet
Isaac Okoro,2026,11000000,isaac okoro
Luke Kennard,2026,11000000,luke kennard
Maxi Kleber,2026,11000000,maxi kleber
Wendell Carter Jr.,2026,10850000,wendell carter jr.
Mike Conley,2026,11499872,mike conley
Scoot Henderson,2026,10748040,scoot henderson
Jordan Clarkson,2026,12947835,jordan clarkson
Reed Sheppard,2026,10603560,reed sheppard
Jonas Valančiūnas,2026,10395000,jonas valanciunas
T.J. McConnell,2026,10200000,t.j. mcconnell
Royce O'Neale,2026,10125000,royce o'neale
Jaden Ivey,2026,10107163,jaden ivey
Aaron Wiggins,2026,10102803,aaron wiggins
Sam Hauser,2026,10044644,sam hauser
Kon Knueppel,2026,10015680,kon knueppel
Derrick Jones Jr.,2026,10000000,derrick jones jr.
Lonzo Ball,2026,10000000,lonzo ball
Amen Thompson,2026,9690600,amen thompson
Caleb Martin,2026,9594044,caleb martin
Stephon Castle,2026,9560520,stephon castle
Pat Connaughton,2026,10739683,pat connaughton
Buddy Hield,2026,9219512,buddy hield
Kyle Anderson,2026,9219512,kyle anderson
Bennedict Mathurin,2026,9187573,bennedict mathurin
Ace Bailey,2026,9069840,ace bailey
Naji Marshall,2026,9000000,naji marshall
Jalen Smith,2026,9000000,jalen smith
Ty Jerome,2026,8781000,ty jerome
Ausar Thompson,2026,8775000,ausar thompson
Brook Lopez,2026,8750000,brook lopez
Quentin Grimes,2026,8741209,quentin grimes
Ron Holland,2026,8657280,ron holland
Sam Merrill,2026,8482144,sam merrill
Jaylin Williams,2026,8450704,jaylin williams
Shaedon Sharpe,2026,8399983,shaedon sharpe
Kelly Oubre Jr.,2026,8382150,kelly oubre jr.
Goga Bitadze,2026,8333333,goga bitadze
Simone Fontecchio,2026,8307692,simone fontecchio
Tre Johnson,2026,8237640,tre johnson
Georges Niang,2026,8200000,georges niang
Zeke Nnaji,2026,8177778,zeke nnaji
Tre Mann,2026,8000000,tre mann
Tre Jones,2026,8000000,tre jones
Kevon Looney,2026,8000000,kevon looney
Anthony Black,2026,7970280,anthony black
Tidjane Salaün,2026,7863240,tidjane salaun
Max Christie,2026,7714286,max christie
Dyson Daniels,2026,7707709,dyson daniels
Isaiah Jackson,2026,7600000,isaiah jackson
Jeremiah Fears,2026,7520040,jeremiah fears
Ayo Dosunmu,2026,7518518,ayo dosunmu
Bilal Coulibaly,2026,7275600,bilal coulibaly
Payton Pritchard,2026,7232143,payton pritchard
Donovan Clingan,2026,7178400,donovan clingan
Kenrich Williams,2026,7163000,kenrich williams
Jeremy Sochan,2026,7874853,jeremy sochan
Tyus Jones,2026,7000000,tyus jones
Egor Dёmin,2026,6889200,egor dеmin
Jevon Carter,2026,7680524,jevon carter
Clint Capela,2026,6700000,clint capela
Ousmane Dieng,2026,6670882,ousmane dieng
Jarace Walker,2026,6665520,jarace walker
Dean Wade,2026,6623456,dean wade
Jalen Williams,2026,6580997,jalen williams
Rob Dillingham,2026,6576120,rob dillingham
Jalen Duren,2026,6483144,jalen duren
Ochai Agbaji,2026,6383525,ochai agbaji
Collin Murray-Boyles,2026,6332520,collin murray-boyles
Mark Williams,2026,6276531,mark williams
Day'Ron Sharpe,2026,6250000,day'ron sharpe
Ziaire Williams,2026,6250000,ziaire williams
John Konchar,2026,6165000,john konchar
Taylor Hendricks,2026,6127080,taylor hendricks
Saddiq Bey,2026,6118644,saddiq bey
Zach Edey,2026,6045000,zach edey
Khaman Maluach,2026,6016080,khaman maluach
Jaden Hardy,2026,6000000,jaden hardy
Jake LaRavia,2026,6000000,jake laravia
Cam Thomas,2026,6837779,cam thomas
Cason Wallace,2026,5820240,cason wallace
Cody Williams,2026,5742480,cody williams
Cedric Coward,2026,5715120,cedric coward
D'Angelo Russell,2026,5685000,d'angelo russell
Al Horford,2026,5685000,al horford
Tari Eason,2026,5675766,tari eason
Haywood Highsmith,2026,6443984,haywood highsmith
Nicolas Batum,2026,5601600,nicolas batum
Jett Howard,2026,5529720,jett howard
Guerschon Yabusele,2026,5500000,guerschon yabusele
Matas Buzelis,2026,5455560,matas buzelis
Noa Essengue,2026,5429520,noa essengue
Kris Dunn,2026,5426400,kris dunn
Dario Šarić,2026,5426400,dario saric
Dalen Terry,2026,5399118,dalen terry
Paul Reed,2026,5335894,paul reed
Dereck Lively II,2026,5253360,dereck lively ii
Nikola Topić,2026,5182920,nikola topic
Derik Queen,2026,5157960,derik queen
Kevin Porter Jr.,2026,5134000,kevin porter jr.
Andre Drummond,2026,5000000,andre drummond
Moritz Wagner,2026,5000000,moritz wagner
Nick Richards,2026,5000000,nick richards
Gradey Dick,2026,4990560,gradey dick
Malaki Branham,2026,4962033,malaki branham
Devin Carter,2026,4923720,devin carter
Christian Braun,2026,4921797,christian braun
Carter Bryant,2026,4900320,carter bryant
Walker Kessler,2026,4878938,walker kessler
Jordan Hawkins,2026,4741320,jordan hawkins
Bub Carrington,2026,4677600,bub carrington
Thomas Sorber,2026,4655040,thomas sorber
Kobe Bufkin,2026,5480297,kobe bufkin
Jose Alvarado,2026,4500000,jose alvarado
Nikola Jović,2026,4445417,nikola jovic
Kel'el Ware,2026,4443360,kel'el ware
Yang Hansen,2026,4422360,yang hansen
Peyton Watson,2026,4356476,peyton watson
Miles McBride,2026,4333333,miles mcbride
Keyonte George,2026,4278960,keyonte george
Jared McCain,2026,4221360,jared mccain
Joan Beringer,2026,4201080,joan beringer
Kevin Love,2026,4150000,kevin love
Dalton Knecht,2026,4010160,dalton knecht
Ryan Rollins,2026,4000000,ryan rollins
Dwight Powell,2026,4000000,dwight powell
Walter Clayton,2026,3991320,walter clayton
Jaime Jaquez Jr.,2026,3861600,jaime jaquez jr.
Nolan Traoré,2026,3811560,nolan traore
Daniss Jenkins,2026,3809524,daniss jenkins
Tristan Da Silva,2026,3809520,tristan da silva
Cole Anthony,2026,5996274,cole anthony
Gary Trent Jr.,2026,3697105,gary trent jr.
Brandin Podziemski,2026,3687960,brandin podziemski
Svi Mykhailiuk,2026,3675000,svi mykhailiuk
Kasparas Jakučionis,2026,3658800,kasparas jakucionis
Ja'Kobe Walter,2026,3638160,ja'kobe walter
Gary Harris,2026,3634153,gary harris
Cam Whitmore,2026,3539760,cam whitmore
Will Riley,2026,3512520,will riley
Jaylon Tyson,2026,3492480,jaylon tyson
Jaxson Hayes,2026,3449323,jaxson hayes
Dominick Barlow,2026,3415000,dominick barlow
Noah Clowney,2026,3398640,noah clowney
Drake Powell,2026,3372240,drake powell
Yves Missi,2026,3353040,yves missi
Blake Wesley,2026,5643732,blake wesley
Taurean Prince,2026,3303774,taurean prince
Dariq Whitehead,2026,3262560,dariq whitehead
Asa Newell,2026,3237480,asa newell
DaRon Holmes,2026,3218760,daron holmes
Kris Murray,2026,3132000,kris murray
Nique Clifford,2026,3108120,nique clifford
Nassir Little,2026,3107143,nassir little
AJ Johnson,2026,3090480,aj johnson
De'Anthony Melton,2026,3080921,de'anthony melton
Kyle Filipowski,2026,3000000,kyle filipowski
Ajay Mitchell,2026,3000000,ajay mitchell
Julian Champagnie,2026,3000000,julian champagnie
Jase Richardson,2026,2983320,jase richardson
Kyshawn George,2026,2966760,kyshawn george
Tony Bradley,2026,3204816,tony bradley
Marcus Sasser,2026,2886720,marcus sasser
Ben Saraf,2026,2884560,ben saraf
Pacôme Dadiet,2026,2847600,pacome dadiet
Danny Wolf,2026,2801280,danny wolf
Ben Sheppard,2026,2790720,ben sheppard
Hugo González,2026,2783880,hugo gonzalez
Liam McNeeley,2026,2763960,liam mcneeley
Dillon Jones,2026,2753280,dillon jones
Yanic Konan Niederhäuser,2026,2743800,yanic konan niederhauser
Nick Smith Jr.,2026,2710680,nick smith jr.
Brice Sensabaugh,2026,2693760,brice sensabaugh
Julian Strawther,2026,2674200,julian strawther
Terrence Shannon Jr.,2026,2674080,terrence shannon jr.
Ryan Dunn,2026,2657760,ryan dunn
Kobe Brown,2026,2654880,kobe brown
Isaiah Collier,2026,2638200,isaiah collier
Baylor Scheierman,2026,2619000,baylor scheierman
Xavier Tillman Sr.,2026,2546675,xavier tillman sr.
Cam Spencer,2026,2537989,cam spencer
Luka Garza,2026,2461463,luka garza
Sandro Mamukelashvili,2026,2461463,sandro mamukelashvili
Trendon Watford,2026,2461463,trendon watford
Jericho Sims,2026,2461463,jericho sims
Dru Smith,2026,2378870,dru smith
Josh Minott,2026,2378870,josh minott
Justin Champagnie,2026,2349578,justin champagnie
Jordan Goodwin,2026,2349578,jordan goodwin
Jay Huff,2026,2349578,jay huff
Keon Johnson,2026,2349578,keon johnson
Vít Krejčí,2026,2349578,vit krejci
Neemias Queta,2026,2349578,neemias queta
A.J. Green,2026,2301587,a.j. green
Vince Williams Jr.,2026,2301587,vince williams jr.
Keon Ellis,2026,2301587,keon ellis
Ryan Kalkbrenner,2026,2296274,ryan kalkbrenner
Sion James,2026,2296274,sion james
Danté Exum,2026,2296274,dante exum
Anthony Gill,2026,2296274,anthony gill
Chris Boucher,2026,2296274,chris boucher
Chris Paul,2026,2296274,chris paul
Garrett Temple,2026,2296274,garrett temple
Bismack Biyombo,2026,2296274,bismack biyombo
Lindy Waters III,2026,2296274,lindy waters iii
Jordan McLaughlin,2026,2296274,jordan mclaughlin
Russell Westbrook,2026,2296274,russell westbrook
Doug McDermott,2026,2296274,doug mcdermott
Drew Eubanks,2026,2296274,drew eubanks
Amir Coffey,2026,2296274,amir coffey
Collin Gillespie,2026,2296274,collin gillespie
Kyle Lowry,2026,2296274,kyle lowry
Mason Plumlee,2026,3022108,mason plumlee
Landry Shamet,2026,2296274,landry shamet
Bones Hyland,2026,2296274,bones hyland
Joe Ingles,2026,2296274,joe ingles
Thanasis Antetokounmpo,2026,2296274,thanasis antetokounmpo
Eric Gordon,2026,2296274,eric gordon
Josh Okogie,2026,2296274,josh okogie
Jeff Green,2026,2296274,jeff green
Aaron Holiday,2026,2296274,aaron holiday
Jae'Sean Tate,2026,2296274,jae'sean tate
Gary Payton II,2026,2296274,gary payton ii
Javonte Green,2026,2296274,javonte green
Tim Hardaway Jr.,2026,2296274,tim hardaway jr.
Bruce Brown,2026,2296274,bruce brown
Marvin Bagley III,2026,2296274,marvin bagley iii
Thomas Bryant,2026,2296274,thomas bryant
Larry Nance Jr.,2026,2296274,larry nance jr.
Keaton Wallace,2026,2296274,keaton wallace
Jock Landale,2026,2296274,jock landale
Scotty Pippen Jr.,2026,2270735,scotty pippen jr.
JD Davison,2026,2270735,jd davison
Brandon Williams,2026,2270735,brandon williams
Moussa Diabaté,2026,2270735,moussa diabate
DeAndre Jordan,2026,2269880,deandre jordan
Toumani Camara,2026,2221677,toumani camara
Gui Santos,2026,2221677,gui santos
Rayan Rupert,2026,2353647,rayan rupert
Julian Phillips,2026,2221677,julian phillips
GG Jackson II,2026,2221677,gg jackson ii
Jalen Pickett,2026,2221677,jalen pickett
Hunter Tyson,2026,2221677,hunter tyson
Jalen Wilson,2026,2221677,jalen wilson
Jordan Walsh,2026,2221677,jordan walsh
Trayce Jackson-Davis,2026,2221677,trayce jackson-davis
Andre Jackson Jr.,2026,2221677,andre jackson jr.
Craig Porter Jr.,2026,2221677,craig porter jr.
Leonard Miller,2026,2221677,leonard miller
Duop Reath,2026,2221677,duop reath
Mouhamed Gueye,2026,2221677,mouhamed gueye
JaVale McGee,2026,2208856,javale mcgee
Tyler Kolek,2026,2191897,tyler kolek
Jaylen Clark,2026,2191897,jaylen clark
Tyrese Martin,2026,2191897,tyrese martin
Precious Achiuwa,2026,2111516,precious achiuwa
Justin Edwards,2026,2048494,justin edwards
Nigel Hayes-Davis,2026,2048494,nigel hayes-davis
N'Faly Dante,2026,2048494,n'faly dante
Johnny Furphy,2026,1955377,johnny furphy
Jonathan Mogbo,2026,1955377,jonathan mogbo
Jamal Shead,2026,1955377,jamal shead
Oso Ighodaro,2026,1955377,oso ighodaro
Ariel Hukporti,2026,1955377,ariel hukporti
Karlo Matković,2026,1955377,karlo matkovic
Tyler Smith,2026,1955377,tyler smith
Keshad Johnson,2026,1955377,keshad johnson
Jaylen Wells,2026,1955377,jaylen wells
Bronny James,2026,1955377,bronny james
Cam Christie,2026,1955377,cam christie
Quinten Post,2026,1955377,quinten post
Bobi Klintman,2026,1955377,bobi klintman
Isaac Jones,2026,1955377,isaac jones
Drew Timme,2026,1955377,drew timme
Jamison Battle,2026,1955377,jamison battle
Adem Bona,2026,1955377,adem bona
Pelle Larsson,2026,1955377,pelle larsson
Seth Curry,2026,1755198,seth curry
Micah Potter,2026,1527805,micah potter
Chaz Lanier,2026,1372870,chaz lanier
Rasheer Fleming,2026,1272870,rasheer fleming
Maxime Raynaud,2026,1272870,maxime raynaud
Johni Broome,2026,1272870,johni broome
Noah Penda,2026,1272870,noah penda
Micah Peavy,2026,1272870,micah peavy
Adou Thiero,2026,1272870,adou thiero
Will Richard,2026,1272870,will richard
Tyrese Proctor,2026,1272870,tyrese proctor
Mohamed Diawara,2026,1272870,mohamed diawara
Kam Jones,2026,1272870,kam jones
Nikola Djurisic,2026,1272870,nikola djurisic
Olivier-Maxence Prosper,2026,1002360,olivier-maxence prosper
James Wiseman,2026,1131970,james wiseman
Pat Spencer,2026,857804,pat spencer
Bryce McGowens,2026,724598,bryce mcgowens
Jabari Walker,2026,724598,jabari walker
Nae'Qwan Tomlin,2026,718150,nae'qwan tomlin
Jordan Miller,2026,712637,jordan miller
Cameron Payne,2026,712637,cameron payne
E.J. Liddell,2026,706898,e.j. liddell
Caleb Houstan,2026,699440,caleb houstan
Sidy Cissoko,2026,686243,sidy cissoko
Vasilije Micić,2026,666667,vasilije micic
Spencer Jones,2026,623967,spencer jones
Amari Williams,2026,490128,amari williams
Kobe Sanders,2026,475497,kobe sanders
Mamadi Diakite,2026,464050,mamadi diakite
Ricky Rubio,2026,424672,ricky rubio
Myron Gardner,2026,395029,myron gardner
Jeremiah Robinson-Earl,2026,131970,jeremiah robinson-earl
Monte Morris,2026,321184,monte morris
Garrison Mathews,2026,429325,garrison mathews
Didi Louzada,2026,268032,didi louzada
Mo Bamba,2026,458711,mo bamba
Mac McClung,2026,164060,mac mcclung
Killian Hayes,2026,263940,killian hayes
Charles Bassey,2026,263940,charles bassey
Christian Koloko,2026,263940,christian koloko
Alondes Williams,2026,131970,alondes williams
Skal Labissière,2026,131970,skal labissiere
Patrick Baldwin Jr.,2026,263940,patrick baldwin jr.
Dalano Banton,2026,263940,dalano banton
Tre Scott,2026,129503,tre scott
Lawson Lovering,2026,87784,lawson lovering
Adama-Alpha Bal,2026,117045,adama-alpha bal
Malachi Smith,2026,73153,malachi smith
Kadary Richmond,2026,73153,kadary richmond
Keshon Gilbert,2026,73153,keshon gilbert
Gabe McGlothan,2026,73153,gabe mcglothan
Grant Nelson,2026,73153,grant nelson
John Tonje,2026,73153,john tonje
Jaden Springer,2026,70732,jaden springer
Lucas Williamson,2026,21946,lucas williamson
